district,stunting_pct,ci_low,ci_high,n_children
Nyarugenge,8.7,4.5,13.0,179
Gasabo,16.0,12.1,19.9,362
Kicukiro,14.3,8.8,19.8,201
Nyanza,23.6,16.2,31.0,204
Gisagara,33.2,28.7,37.7,287
Nyaruguru,23.9,15.0,32.8,222
Huye,27.1,19.2,35.1,227
Nyamagabe,29.4,21.1,37.7,212
Ruhango,22.0,15.3,28.7,202
Muhanga,26.6,19.2,34.0,178
Kamonyi,21.1,15.6,26.7,245
Karongi,33.5,25.6,41.5,215
Rutsiro,33.8,24.5,43.0,227
Rubavu,33.1,26.8,39.4,319
Nyabihu,32.7,23.8,41.5,211
Ngororero,35.8,27.4,44.2,197
Rusizi,31.0,24.1,38.0,299
Nyamasheke,29.6,19.8,39.5,271
Rulindo,27.9,22.4,33.4,190
Gakenke,26.0,16.9,35.1,193
Musanze,31.9,25.4,38.4,257
Burera,37.6,31.2,43.9,198
Gicumbi,38.8,30.6,47.0,224
Rwamagana,19.2,14.3,24.1,256
Nyagatare,27.8,20.1,35.4,324
Gatsibo,29.4,20.4,38.4,276
Kayonza,26.1,20.3,31.8,301
Kirehe,31.7,25.9,37.5,217
Ngoma,26.9,18.9,34.9,248
Bugesera,20.8,16.7,25.0,319
