district,province,severe_stunting_pct,stunting_pct,haz_mean,n_children,wasting_pct,overweight_pct,underweight_pct
Nyarugenge,Kigali,1.9,8.7,-0.6,179,0.5,2.1,5.0
Gasabo,Kigali,2.6,16.0,-0.8,550,0.8,5.0,6.4
Kicukiro,Kigali,0.7,14.3,-0.8,246,1.2,1.8,3.2
Nyanza,South,5.9,23.6,-1.3,194,1.3,3.1,7.3
Gisagara,South,7.7,33.2,-1.6,271,0.0,4.4,9.2
Nyaruguru,South,6.5,23.9,-1.4,177,0.1,2.2,7.6
Huye,South,5.4,27.1,-1.4,208,1.1,4.8,4.4
Nyamagabe,South,6.3,29.4,-1.5,183,0.7,2.5,7.2
Ruhango,South,4.8,22.0,-1.3,182,0.6,4.8,5.4
Muhanga,South,4.1,26.6,-1.3,157,0.0,2.1,5.7
Kamonyi,South,3.7,21.1,-1.2,250,1.6,6.8,6.7
Karongi,West,10.9,33.5,-1.6,189,0.7,3.5,4.8
Rutsiro,West,9.5,33.8,-1.6,199,2.2,4.4,8.9
Rubavu,West,9.6,33.1,-1.5,355,0.6,9.2,5.6
Nyabihu,West,7.0,32.7,-1.6,168,0.0,8.4,3.2
Ngororero,West,6.5,35.8,-1.6,174,0.0,5.8,3.4
Rusizi,West,10.7,31.0,-1.5,275,1.2,8.9,5.2
Nyamasheke,West,8.4,29.6,-1.4,233,1.9,7.0,6.0
Rulindo,North,3.7,27.9,-1.3,169,1.1,0.9,6.0
Gakenke,North,3.9,26.0,-1.5,186,0.7,6.2,3.7
Musanze,North,4.5,31.9,-1.5,255,0.0,7.4,2.7
Burera,North,10.1,37.6,-1.7,174,0.0,3.6,4.2
Gicumbi,North,5.4,38.8,-1.7,224,1.1,9.9,5.1
Rwamagana,East,5.7,19.2,-1.1,280,1.1,5.0,6.2
Nyagatare,East,8.8,27.8,-1.4,411,1.1,5.5,7.4
Gatsibo,East,9.1,29.4,-1.4,294,0.8,4.9,5.8
Kayonza,East,7.4,26.1,-1.4,308,0.8,6.1,7.3
Kirehe,East,6.7,31.7,-1.5,216,0.2,3.2,8.8
Ngoma,East,8.5,26.9,-1.5,245,1.1,1.3,12.4
Bugesera,East,4.5,20.8,-1.1,341,2.2,5.0,4.7
