factor,level,stunting_pct,n
age,0-5m,16.8,709
age,12-23m,33.2,1350
age,24-35m,30.0,1324
age,36-47m,26.9,1379
age,48-59m,24.2,1223
age,6-11m,19.8,730
sex,Girl,23.9,3362
sex,Boy,29.1,3353
wealth,Richest,8.9,1302
wealth,Middle,28.4,1296
wealth,Poorer,32.1,1324
wealth,Poorest,39.2,1500
wealth,Richer,20.4,1293
mother_education,Higher,5.8,328
mother_education,None,37.7,423
mother_education,Primary,30.0,4012
mother_education,Secondary,19.7,1952
residence,Urban,18.6,2340
residence,Rural,29.8,4375
mother_height,155cm+,19.7,2125
mother_height,145-150cm,45.0,288
mother_height,150-155cm,32.8,846
mother_height,<145cm,51.9,63
mother_height,Not measured,27.0,3393
birth_interval,48+ months,24.7,2389
birth_interval,24-47 months,30.6,1742
birth_interval,<24 months,27.5,508
birth_interval,First birth,24.8,2076
birth_size,Average or larger,23.7,3348
birth_size,Small,41.1,753
birth_size,Unknown,25.8,2614
water,Improved,24.9,5473
water,Unimproved,33.2,1242
toilet,Improved,25.1,5699
toilet,Unimproved,34.2,1016
recent_diarrhea,No,25.4,5734
recent_diarrhea,Yes,32.5,981
health_insurance,Yes,25.3,5879
health_insurance,No,34.4,836
province,Kigali,14.4,708
province,East,25.7,1768
province,North,32.6,1002
province,South,25.1,1595
province,West,32.5,1642
